pyc_base	name	family	verdict	cat	reason	lenA	lenB	firstidx	firstA	firstB	lineA	lineB	intry	fd_off	fd_origTryDepth	ex_same	ex_origEnts	ex_prodEnts	tv_et	tv_nest	tv_prodTryNest
trade_live_broker.pyc	<module>.TradeLiveBroker.on_pre_before_trading_start	F-ABSORB	Different control flow	cf	idx 3 POP_JUMP_FORWARD_IF_FALSE target 34 -> 42 lands on DIFFERENT instr (LOAD_FAST vs LOAD_GLOBAL)	115	115	3	6 POP_JUMP_FORWARD_IF_FALSE to 34	6 POP_JUMP_FORWARD_IF_FALSE to 42	638	295	0	22	0	SAME	0	0	0	0	1
trade_live_broker.pyc	<module>.TradeLiveBroker._process_order	F-ABSORB	Different control flow	cf	target instr same but len 452/392	452	392	11	22 POP_JUMP_FORWARD_IF_FALSE to 892	22 POP_JUMP_FORWARD_IF_FALSE to 770	803	425	0	44	0	DIFF	10	5	10	0	1
trade_live_broker.pyc	<module>.TradeLiveBroker._process_tick_order	F-ABSORB	Different control flow	cf	idx 26 JUMP_BACKWARD target 38 -> 32 lands on DIFFERENT instr (LOAD_GLOBAL vs LOAD_FAST)	161	161	26	52 JUMP_BACKWARD to 38	52 JUMP_BACKWARD to 32	944	497	0	178	0	SAME	2	2	2	0	1
trade_live_broker.pyc	<module>.TradeLiveBroker._process_cancel_order	F-ABSORB	Different control flow	cf	target instr same but len 293/295	293	295	11	22 POP_JUMP_FORWARD_IF_FALSE to 574	22 POP_JUMP_FORWARD_IF_FALSE to 576	988	521	0	44	0	DIFF	6	7	6	0	1
trade_live_broker.pyc	<module>.TradeLiveBroker._sync_worker	F-POLARITY	Different control flow	cf	idx 47 POP_JUMP_FORWARD_IF_TRUE -> POP_JUMP_FORWARD_IF_FALSE	346	345	47	94 POP_JUMP_FORWARD_IF_TRUE to 156	94 POP_JUMP_FORWARD_IF_FALSE to 134	1364	841	0	362	0	DIFF	3	3	3	0	1
trade_live_broker.pyc	<module>.TradeLiveBroker._trade_status_handle	F-ABSORB	Different control flow	cf	opname LOAD_GLOBAL -> LOAD_FAST at idx 5, len 113/111	113	111	5	10 LOAD_GLOBAL NULL + get_trade_status	10 LOAD_FAST self	1443	896	0	44	0	SAME	0	0	0	0	1
trade_live_broker.pyc	<module>.TradeLiveBroker.etf_basket_order	F-PAD	Different control flow	cf	idx 124 POP_JUMP_FORWARD_IF_FALSE target 506 -> 934 lands on SAME instr, len equal	691	691	124	248 POP_JUMP_FORWARD_IF_FALSE to 506	248 POP_JUMP_FORWARD_IF_FALSE to 934	2081	1393	0	670	0	SAME	0	0	0	0	1
trade_live_broker.pyc	<module>.TradeLiveBroker.etf_purchase_redemption	F-ABSORB	Different bytecode	bc	target instr same but len 378/368	378	368	59	118 POP_JUMP_FORWARD_IF_FALSE to 742	118 POP_JUMP_FORWARD_IF_FALSE to 722	2255	1541	0	410	0	SAME	0	0	0	0	1
trade_live_broker.pyc	<module>.TradeLiveBroker.rzrq_credit_order	F-ABSORB	Different control flow	cf	idx 401 JUMP_FORWARD target 870 -> 860 lands on DIFFERENT instr (LOAD_GLOBAL vs LOAD_GLOBAL)	697	697	401	802 JUMP_FORWARD to 870	802 JUMP_FORWARD to 860	2513	1706	0	2368	0	SAME	9	9	9	0	1
trade_live_broker.pyc	<module>.TradeLiveBroker.ipo_stocks_order	F-ABSORB	Different control flow	cf	target instr same but len 1070/1069	1070	1069	407	814 FOR_ITER to 2136	814 FOR_ITER to 2134	3334	2247	0	2382	0	SAME	0	0	0	0	1
trade_live_broker.pyc	<module>.TradeLiveBroker.get_ipo_stocks	F-ABSORB	Different control flow	cf	idx 186 POP_JUMP_FORWARD_IF_TRUE target 410 -> 346 lands on DIFFERENT instr (LOAD_GLOBAL vs FOR_ITER)	449	449	186	372 POP_JUMP_FORWARD_IF_TRUE to 410	372 POP_JUMP_FORWARD_IF_TRUE to 346	3556	2387	0	1108	0	SAME	0	0	0	0	1
trade_live_broker.pyc	<module>.TradeLiveBroker.on_order_response_list_handle	F-ABSORB	Different control flow	cf	idx 22 POP_JUMP_FORWARD_IF_NONE target 84 -> 24 lands on DIFFERENT instr (LOAD_FAST vs FOR_ITER)	106	106	22	44 POP_JUMP_FORWARD_IF_NONE to 84	44 POP_JUMP_FORWARD_IF_NONE to 206	3774	2554	0	116	0	DIFF	3	3	3	0	1
trade_live_broker.pyc	<module>.TradeLiveBroker.on_trade_response_list_handle	F-ABSORB	Different control flow	cf	idx 22 POP_JUMP_FORWARD_IF_NONE target 84 -> 24 lands on DIFFERENT instr (LOAD_FAST vs FOR_ITER)	106	106	22	44 POP_JUMP_FORWARD_IF_NONE to 84	44 POP_JUMP_FORWARD_IF_NONE to 206	3798	2572	0	116	0	DIFF	3	3	3	0	1
quote.pyc	<module>.Quote.build_current_period_df	F-ABSORB	Different bytecode	bc	target instr same but len 117/108	117	108	2	4 POP_JUMP_FORWARD_IF_TRUE to 230	4 POP_JUMP_FORWARD_IF_TRUE to 212	521	365	0	14	0	SAME	0	0	0	0	2
quote.pyc	<module>.Quote.load_bars_from_hundsun	F-ABSORB	Different bytecode	bc	opname POP_JUMP_FORWARD_IF_FALSE -> POP_TOP at idx 48, len 476/482	476	482	48	96 POP_JUMP_FORWARD_IF_FALSE to 486	96 POP_TOP 	540	383	0	328	0	SAME	0	0	0	0	2
quote.pyc	<module>.Quote.load_get_price	F-OTHER	Different control flow	cf	opname POP_JUMP_FORWARD_IF_FALSE -> POP_TOP at idx 52, len equal 168	168	168	52	104 POP_JUMP_FORWARD_IF_FALSE to 166	104 POP_TOP 	622	444	0	282	0	SAME	0	0	0	0	2
quote.pyc	<module>.Quote.change_his_to_forward	F-ABSORB	Different control flow	cf	target instr same but len 527/528	527	528	220	440 FOR_ITER to 1020	440 FOR_ITER to 1022	703	481	0	1264	0	SAME	0	0	0	0	2
quote.pyc	<module>.Quote.change_his_to_backward	F-ABSORB	Different control flow	cf	idx 212 POP_JUMP_FORWARD_IF_TRUE target 478 -> 474 lands on DIFFERENT instr (LOAD_FAST vs POP_TOP)	357	357	212	424 POP_JUMP_FORWARD_IF_TRUE to 478	424 POP_JUMP_FORWARD_IF_TRUE to 474	783	551	0	1190	0	SAME	0	0	0	0	2
quote.pyc	<module>.Quote.get_price	F-ABSORB	Different control flow	cf	opname POP_JUMP_FORWARD_IF_NONE -> LOAD_CONST at idx 59, len 228/230	228	230	59	118 POP_JUMP_FORWARD_IF_NONE to 232	118 LOAD_CONST None	911	660	0	326	0	SAME	0	0	0	0	2
quote.pyc	<module>.Quote.check_frequency	F-PAD	Different control flow	cf	idx 94 POP_JUMP_FORWARD_IF_TRUE target 198 -> 236 lands on SAME instr, len equal	122	122	94	188 POP_JUMP_FORWARD_IF_TRUE to 198	188 POP_JUMP_FORWARD_IF_TRUE to 236	1341	996	0	310	0	DIFF	2	2	2	0	2
quote.pyc	<module>.Quote.get_real_from_zeromq	F-ABSORB	Different control flow	cf	target instr same but len 702/698	702	698	134	268 POP_JUMP_FORWARD_IF_FALSE to 288	268 POP_JUMP_FORWARD_IF_FALSE to 1342	1717	1045	0	790	0	DIFF	5	5	5	0	2
quote.pyc	<module>.Quote.run_individual_transform	F-ABSORB	Different control flow	cf	idx 91 POP_JUMP_FORWARD_IF_FALSE target 676 -> 540 lands on DIFFERENT instr (LOAD_FAST vs LOAD_CONST)	363	272	87	174 LOAD_FAST self	174 LOAD_FAST self	2052	1314	0	634	0	DIFF	13	10	13	0	2
quote.pyc	<module>.Quote.run_tick_socket	F-PAD	Different control flow	cf	idx 11 POP_JUMP_FORWARD_IF_FALSE target 158 -> 364 lands on SAME instr, len equal	308	308	11	22 POP_JUMP_FORWARD_IF_FALSE to 158	22 POP_JUMP_FORWARD_IF_FALSE to 364	2156	1431	1	66	1	DIFF	13	12	13	0	2
quote.pyc	<module>.Quote.get_individual_data	F-ABSORB	Different control flow	cf	target instr same but len 313/312	313	312	1	2 POP_JUMP_FORWARD_IF_FALSE to 622	2 POP_JUMP_FORWARD_IF_FALSE to 620	2306	1566	0	886	0	DIFF	5	5	5	0	2
trade_info_utils.pyc	<module>.trade_operation	F-ABSORB	Different control flow	cf	idx 93 POP_JUMP_FORWARD_IF_FALSE target 324 -> 172 lands on DIFFERENT instr (LOAD_FAST vs FOR_ITER)	303	303	93	186 POP_JUMP_FORWARD_IF_FALSE to 324	186 POP_JUMP_FORWARD_IF_FALSE to 334	288	133	1	676	1	SAME	18	18	18	0	2
trade_info_utils.pyc	<module>.kill_trade_process	F-PAD	Different control flow	cf	idx 471 POP_JUMP_FORWARD_IF_NONE target 1120 -> 1124 lands on SAME instr, len equal	576	576	471	942 POP_JUMP_FORWARD_IF_NONE to 1120	942 POP_JUMP_FORWARD_IF_NONE to 1124	411	240	0	292	0	SAME	24	24	24	0	2
trade_info_utils.pyc	<module>.get_trade_status	F-ABSORB	Different control flow	cf	idx 69 FOR_ITER target 288 -> 262 lands on DIFFERENT instr (LOAD_FAST vs LOAD_FAST)	153	153	69	138 FOR_ITER to 288	138 FOR_ITER to 262	1515	1026	0	598	0	SAME	11	11	11	0	2
trade_info_utils.pyc	<module>.query_trade_strategy_info	F-PAD	Different control flow	cf	idx 19 POP_JUMP_FORWARD_IF_FALSE target 210 -> 214 lands on SAME instr, len equal	109	109	19	38 POP_JUMP_FORWARD_IF_FALSE to 210	38 POP_JUMP_FORWARD_IF_FALSE to 214	1549	1055	0	196	0	SAME	10	10	10	0	2
trade_info_utils.pyc	<module>.query_strategy_id	F-PAD	Different control flow	cf	idx 19 POP_JUMP_FORWARD_IF_FALSE target 202 -> 206 lands on SAME instr, len equal	105	105	19	38 POP_JUMP_FORWARD_IF_FALSE to 202	38 POP_JUMP_FORWARD_IF_FALSE to 206	1568	1069	0	196	0	SAME	9	9	9	0	2
klinedata.pyc	<module>.get_kline_by_count_new	F-ABSORB	Different control flow	cf	idx 160 POP_JUMP_FORWARD_IF_NONE target 380 -> 402 lands on DIFFERENT instr (LOAD_CONST vs LOAD_FAST)	586	586	160	320 POP_JUMP_FORWARD_IF_NONE to 380	320 POP_JUMP_FORWARD_IF_NONE to 402	339	219	0	974	0	SAME	8	8	8	0	2
klinedata.pyc	<module>.get_multiminute_his_data	F-ABSORB	Different control flow	cf	target instr same but len 478/480	478	480	16	32 POP_JUMP_FORWARD_IF_FALSE to 926	32 POP_JUMP_FORWARD_IF_FALSE to 930	1012	725	0	66	0	SAME	0	0	0	0	2
klinedata.pyc	<module>.kline_datetime_list	F-ABSORB	Different control flow	cf	idx 123 POP_JUMP_FORWARD_IF_TRUE target 310 -> 774 lands on DIFFERENT instr (LOAD_FAST vs LOAD_FAST)	389	389	123	246 POP_JUMP_FORWARD_IF_TRUE to 310	246 POP_JUMP_FORWARD_IF_TRUE to 774	1218	882	0	300	0	SAME	0	0	0	0	2
wizard_quant_api.pyc	<module>.filter_desicion	F-ABSORB	Different control flow	cf	target instr same but len 178/180	178	180	162	324 POP_JUMP_FORWARD_IF_NONE to 330	324 POP_JUMP_FORWARD_IF_NONE to 356	115	70	0	704	0	SAME	0	0	0	0	1
wizard_quant_api.pyc	<module>.get_DMI.calculate_di.<genexpr>	F-ABSORB	Different control flow	cf	target instr same but len 62/48	62	48	4	8 FOR_ITER to 120	8 FOR_ITER to 92	388	263	0	-1	0	SAME	0	0	0	0	1
wizard_quant_api.pyc	<module>.get_DMI.calculate_di.<genexpr>	F-ABSORB	Different control flow	cf	target instr same but len 62/48	62	48	4	8 FOR_ITER to 120	8 FOR_ITER to 92	390	264	0	-1	0	SAME	0	0	0	0	1
order_api.pyc	<module>.base_order	F-ABSORB	Different control flow	cf	idx 135 POP_JUMP_FORWARD_IF_TRUE target 350 -> 290 lands on DIFFERENT instr (LOAD_FAST vs LOAD_CONST)	178	178	135	270 POP_JUMP_FORWARD_IF_TRUE to 350	270 POP_JUMP_FORWARD_IF_TRUE to 290	115	42	0	890	0	SAME	0	0	0	0	1
order_api.pyc	<module>.future_order	F-ABSORB	Different control flow	cf	idx 23 POP_JUMP_FORWARD_IF_FALSE target 92 -> 178 lands on DIFFERENT instr (LOAD_GLOBAL vs LOAD_CONST)	100	91	23	46 POP_JUMP_FORWARD_IF_FALSE to 92	46 POP_JUMP_FORWARD_IF_FALSE to 178	443	209	0	-1	0	SAME	0	0	0	0	1
order_api.pyc	<module>.option_order	F-ABSORB	Different control flow	cf	target instr same but len 82/72	82	72	31	62 POP_JUMP_FORWARD_IF_TRUE to 158	62 POP_JUMP_FORWARD_IF_TRUE to 80	478	234	0	-1	0	SAME	0	0	0	0	1
jq_trans_module.pyc	<module>.func_attribute_history_convert_code.replace_args	F-ABSORB	Different control flow	cf	target instr same but len 352/348	352	348	67	134 JUMP_FORWARD to 258	134 JUMP_FORWARD to 250	440	234	0	450	0	DIFF	2	2	2	0	1
jq_trans_module.pyc	<module>.func_get_bars_convert_code.replace_args	F-ABSORB	Different control flow	cf	target instr same but len 648/644	648	644	67	134 JUMP_FORWARD to 258	134 JUMP_FORWARD to 250	524	301	0	450	0	DIFF	2	2	2	0	1
real_quote.pyc	<module>.RealQuoteData.get_real_minute_kline	F-ABSORB	Different control flow	cf	target instr same but len 250/253	250	253	14	28 POP_JUMP_FORWARD_IF_FALSE to 116	28 POP_JUMP_FORWARD_IF_FALSE to 390	584	370	1	108	1	DIFF	7	8	7	0	2
real_quote.pyc	<module>.RealQuoteData.get_tick_direction	F-ABSORB	Different control flow	cf	idx 4 POP_JUMP_FORWARD_IF_FALSE target 512 -> 514 lands on DIFFERENT instr (LOAD_FAST vs LOAD_CONST)	258	259	4	8 POP_JUMP_FORWARD_IF_FALSE to 512	8 POP_JUMP_FORWARD_IF_FALSE to 514	1297	966	0	32	0	DIFF	6	6	6	0	2
__init__.pyc	<module>.PluginRiskCalculation._on_publish_after_trading_end	F-ABSORB	Different control flow	cf	target instr same but len 486/478	486	478	422	844 POP_JUMP_FORWARD_IF_FALSE to 916	844 POP_JUMP_FORWARD_IF_FALSE to 900	330	209	0	1352	0	SAME	0	0	0	0	1
__init__.pyc	<module>.PluginRiskCalculation._save_testds_to_csv	F-ABSORB	Different control flow	cf	opname JUMP_BACKWARD -> JUMP_FORWARD at idx 32, len 74/71	74	71	13	26 LOAD_FAST self	26 LOAD_FAST self	854	536	0	108	0	DIFF	3	3	3	0	1
future_contract_info.pyc	<module>.FutureInfoCache.check_user	F-ABSORB	Different control flow	cf	idx 67 POP_JUMP_FORWARD_IF_TRUE target 146 -> 302 lands on DIFFERENT instr (LOAD_FAST vs LOAD_CONST)	148	153	67	134 POP_JUMP_FORWARD_IF_TRUE to 146	134 POP_JUMP_FORWARD_IF_TRUE to 302	266	157	0	462	0	DIFF	7	7	7	0	1
future_contract_info.pyc	<module>.FutureInfoCache.info_conbine	F-ABSORB	Different control flow	cf	idx 13 POP_JUMP_FORWARD_IF_TRUE target 38 -> 46 lands on DIFFERENT instr (LOAD_GLOBAL vs LOAD_FAST)	53	53	13	26 POP_JUMP_FORWARD_IF_TRUE to 38	26 POP_JUMP_FORWARD_IF_TRUE to 46	388	263	0	66	0	SAME	0	0	0	0	1
ptradeAccount.pyc	<module>.PtradeAccount.order_response_order_update	F-ABSORB	Different control flow	cf	opname JUMP_FORWARD -> LOAD_CONST at idx 84, len 98/97	98	97	84	168 JUMP_FORWARD to 192	168 LOAD_CONST None	1907	891	0	548	0	DIFF	8	8	8	0	2
ptradeAccount.pyc	<module>.PtradeAccount.trade_response_order_update	F-ABSORB	Different control flow	cf	opname JUMP_FORWARD -> LOAD_CONST at idx 103, len 117/116	117	116	103	206 JUMP_FORWARD to 230	206 LOAD_CONST None	1932	914	0	586	0	DIFF	2	2	2	0	2
finance.pyc	<module>.get_fields	F-ABSORB	Different control flow	cf	idx 18 JUMP_FORWARD target 90 -> 254 lands on DIFFERENT instr (LOAD_FAST vs LOAD_FAST)	157	157	18	36 JUMP_FORWARD to 90	36 JUMP_FORWARD to 254	655	432	1	8	1	DIFF	8	8	8	0	1
handlers.pyc	<module>.TWHThreadController._target	F-ABSORB	Different control flow	cf	target instr same but len 191/189	191	189	6	12 POP_JUMP_FORWARD_IF_FALSE to 146	12 POP_JUMP_FORWARD_IF_FALSE to 142	62	27	0	44	0	DIFF	6	6	6	0	1
cgroup_utils.pyc	<module>.set_cgroup_config	F-ABSORB	Different control flow	cf	target instr same but len 540/541	540	541	417	834 POP_JUMP_FORWARD_IF_FALSE to 1024	834 POP_JUMP_FORWARD_IF_FALSE to 1026	75	34	1	3618	1	DIFF	4	5	4	0	1
email_utils.pyc	<module>.send_email	F-ABSORB	Different control flow	cf	idx 22 POP_JUMP_FORWARD_IF_FALSE target 206 -> 332 lands on DIFFERENT instr (LOAD_GLOBAL vs LOAD_CONST)	193	195	22	44 POP_JUMP_FORWARD_IF_FALSE to 206	44 POP_JUMP_FORWARD_IF_FALSE to 332	57	38	1	130	1	DIFF	5	5	5	0	1
api_base.pyc	<module>.get_history_df	F-ABSORB	Different control flow	cf	idx 174 POP_JUMP_FORWARD_IF_TRUE target 398 -> 630 lands on DIFFERENT instr (LOAD_FAST vs LOAD_CONST)	1739	1739	174	348 POP_JUMP_FORWARD_IF_TRUE to 398	348 POP_JUMP_FORWARD_IF_TRUE to 630	341	240	0	994	0	SAME	0	0	0	0	2
calexrights_func.pyc	<module>.change_his_to_forward	F-ABSORB	Different control flow	cf	target instr same but len 386/387	386	387	163	326 FOR_ITER to 738	326 FOR_ITER to 740	74	51	0	924	0	SAME	0	0	0	0	0
calexrights_func.pyc	<module>.change_his_to_forward	F-ABSORB	Different control flow	cf	target instr same but len 386/387	386	387	163	326 FOR_ITER to 738	326 FOR_ITER to 740	74	51	0	924	0	SAME	0	0	0	0	0
bar.pyc	<module>.BarData._history_bars	F-ABSORB	Different control flow	cf	idx 25 POP_JUMP_FORWARD_IF_FALSE target 60 -> 92 lands on DIFFERENT instr (LOAD_GLOBAL vs LOAD_FAST)	59	59	25	50 POP_JUMP_FORWARD_IF_FALSE to 60	50 POP_JUMP_FORWARD_IF_FALSE to 92	391	301	0	126	0	SAME	0	0	0	0	2
executor.pyc	<module>.Executor.check_before_trading	F-ABSORB	Different control flow	cf	idx 16 POP_JUMP_FORWARD_IF_FALSE target 70 -> 100 lands on DIFFERENT instr (LOAD_FAST vs LOAD_GLOBAL)	242	242	16	32 POP_JUMP_FORWARD_IF_FALSE to 70	32 POP_JUMP_FORWARD_IF_FALSE to 100	126	98	0	134	0	SAME	3	3	3	0	1
strategy_universe.pyc	<module>.StrategyUniverse._on_clear_de_listed	F-ABSORB	Different control flow	cf	idx 16 POP_JUMP_FORWARD_IF_FALSE target 48 -> 12 lands on DIFFERENT instr (LOAD_FAST vs FOR_ITER)	63	63	16	32 POP_JUMP_FORWARD_IF_FALSE to 48	32 POP_JUMP_FORWARD_IF_FALSE to 58	102	75	0	112	0	SAME	0	0	0	0	2
trading_dates_mixin.pyc	<module>.TradingDatesMixin.trading_dates_reload	F-ABSORB	Different control flow	cf	idx 2 POP_JUMP_FORWARD_IF_FALSE target 36 -> 12 lands on DIFFERENT instr (LOAD_CONST vs LOAD_FAST)	22	20	2	4 POP_JUMP_FORWARD_IF_FALSE to 36	4 POP_JUMP_FORWARD_IF_FALSE to 12	156	117	0	14	0	SAME	0	0	0	0	0
history_api.pyc	<module>.get_price	F-ABSORB	Different control flow	cf	idx 87 POP_JUMP_FORWARD_IF_NONE target 264 -> 378 lands on DIFFERENT instr (LOAD_GLOBAL vs LOAD_CONST)	189	191	87	174 POP_JUMP_FORWARD_IF_NONE to 264	174 POP_JUMP_FORWARD_IF_NONE to 378	1051	571	0	522	0	SAME	0	0	0	0	1
strategy.pyc	<module>.Strategy.tick_worker_thread	F-ABSORB	Different control flow	cf	idx 61 POP_JUMP_FORWARD_IF_TRUE target 156 -> 12 lands on DIFFERENT instr (LOAD_GLOBAL vs LOAD_FAST)	267	267	61	122 POP_JUMP_FORWARD_IF_TRUE to 156	122 POP_JUMP_FORWARD_IF_TRUE to 282	311	223	1	522	1	SAME	3	3	3	0	2
stock_position.pyc	<module>.StockPosition.make_trade	F-ABSORB	Different control flow	cf	target instr same but len 165/161	165	161	16	32 POP_JUMP_FORWARD_IF_FALSE to 220	32 POP_JUMP_FORWARD_IF_FALSE to 212	111	66	0	98	0	SAME	0	0	0	0	1
realtime_event_source.pyc	<module>.RealtimeEventSource.clock_worker	F-ABSORB	Different control flow	cf	idx 664 POP_JUMP_FORWARD_IF_FALSE target 2494 -> 2476 lands on DIFFERENT instr (LOAD_CONST vs LOAD_FAST)	1274	1281	664	1328 POP_JUMP_FORWARD_IF_FALSE to 2494	1328 POP_JUMP_FORWARD_IF_FALSE to 2476	189	100	1	5270	1	DIFF	24	24	24	0	2
matcher.pyc	<module>.DefaultMatcher.match	F-ABSORB	Different control flow	cf	idx 190 POP_JUMP_FORWARD_IF_FALSE target 390 -> 920 lands on DIFFERENT instr (LOAD_FAST vs LOAD_FAST)	712	712	190	380 POP_JUMP_FORWARD_IF_FALSE to 390	380 POP_JUMP_FORWARD_IF_FALSE to 920	192	140	0	8	0	SAME	0	0	0	0	1
function.pyc	<module>.reconnect	F-PAD	Different control flow	cf	idx 41 JUMP_FORWARD target 148 -> 174 lands on SAME instr, len equal	89	89	41	82 JUMP_FORWARD to 148	82 JUMP_FORWARD to 174	1664	1215	0	70	0	SAME	0	0	0	0	1
profiler_func.pyc	<module>.ProfilerTool.show_func	F-ABSORB	Different control flow	cf	opname LOAD_GLOBAL -> LOAD_FAST at idx 202, len 299/241	299	241	202	404 LOAD_GLOBAL NULL + range	404 LOAD_FAST d	173	139	0	420	0	SAME	0	0	0	0	1
flytools.pyc	<module>.ProcessWrite.modify_batcktes_info	F-PAD	Different control flow	cf	idx 162 POP_JUMP_FORWARD_IF_FALSE target 380 -> 404 lands on SAME instr, len equal	216	216	162	324 POP_JUMP_FORWARD_IF_FALSE to 380	324 POP_JUMP_FORWARD_IF_FALSE to 404	1133	796	1	700	1	DIFF	22	22	22	0	1
quotation.pyc	<module>.change_his_to_forward	F-ABSORB	Different control flow	cf	target instr same but len 546/547	546	547	229	458 FOR_ITER to 1058	458 FOR_ITER to 1060	1127	703	0	1268	0	SAME	0	0	0	0	2
quote_handler.pyc	<module>.get_kline_local	F-ABSORB	Different control flow	cf	idx 78 POP_JUMP_FORWARD_IF_FALSE target 170 -> 1516 lands on DIFFERENT instr (LOAD_GLOBAL vs LOAD_CONST)	758	760	78	156 POP_JUMP_FORWARD_IF_FALSE to 170	156 POP_JUMP_FORWARD_IF_FALSE to 1516	454	311	0	380	0	DIFF	4	4	4	0	1
load_daily.pyc	<module>	F-ABSORB	Different control flow	cf	idx 595 JUMP_FORWARD target 1202 -> 1284 lands on DIFFERENT instr (PUSH_NULL vs LOAD_CONST)	912	912	595	1190 JUMP_FORWARD to 1202	1190 JUMP_FORWARD to 1232	583	428	0	222	0	SAME	19	19	19	0	2
logger.pyc	<module>.SafeFileHandler.check_baseFilename	F-ABSORB	Different control flow	cf	idx 13 POP_JUMP_FORWARD_IF_TRUE target 52 -> 56 lands on DIFFERENT instr (LOAD_CONST vs LOAD_CONST)	30	30	13	26 POP_JUMP_FORWARD_IF_TRUE to 52	26 POP_JUMP_FORWARD_IF_TRUE to 56	579	358	0	108	0	SAME	0	0	0	0	1
